{
  "STORE_INFO": {
    "ND.CHXDND11": "CHXD Giao Thủy",
    "ND.CHXDND42": "CHXD Văn Phong",
    "ND.CHXDND41": "CHXD Gia Xuân",
    "ND.CHXDND40": "CHXD Trị Chính",
    "ND.CHXDND39": "CHXD Bến xe phía Bắc",
    "NĐ.CHXDND33": "Trạm cấp kho Trung chuyển",
    "ND.CHXDND10": "CHXD Hồng Sơn",
    "NĐ.CHXDND09": "CHXD Xuân Trường",
    "NĐ.CHXDND07": "CHXD Nam Hồng",
    "ND.CHXDND06": "CHXD Đại An",
    "ND.CHXDND04": "CHXD Lộc Hạ",
    "ND.CHXDND03": "CHXD Mỹ Xá",
    "ND.CHXDND02": "CHXD Liên Minh",
    "ND.CHXDND01": "CHXD Mỹ Lộc",
    "ND.CHXD43": "CHXD Đồng Thị Sơn",
    "ND.CHXD38": "CHXD Tân Thành",
    "ND.CHXD37": "CHXD Đồng Ninh Phúc",
    "ND.CHXD36": "CHXD Quảng Trường",
    "ND.CHXD35": "CHXD Tràng An",
    "ND.CHXD34": "CHXD Liễu Đề",
    "ND.CHXD30": "CHXD Khánh Hòa",
    "ND.CHXD29": "CHXD Song Hào",
    "ND.CHXD28": "CHXD Ninh Giang",
    "ND.CHXD27": "CHXD Tam Điệp",
    "ND.CHXD26": "CHXD Gia Thanh",
    "ND.CHXD25": "CHXD Khánh Ninh",
    "ND.CHXD24": "CHXD Nguyễn Huệ",
    "ND.CHXD23": "CHXD Nhân Chính",
    "ND.CHXD22": "CHXD Thanh Phong",
    "ND.CHXD21": "CHXD Phủ Lý",
    "ND.CHXD20": "CHXD Hải Vân",
    "ND.CHXD19": "CHXD Hùng Vương",
    "ND.CHXD18": "CHXD Lộc An",
    "ND.CHXD17": "CHXD Nam Vân",
    "ND.CHXD12": "CHXD Liêm Phong",
    "ND.CHXD05": "CHXD Cộng Hòa"
  },
  "STORE_MAPPING_SSE_TO_POS": {
    "KDNL001": "ND.CHXDND01",
    "KDNL002": "ND.CHXDND02",
    "KDNL003": "ND.CHXDND03",
    "KDNL004": "ND.CHXDND04",
    "KDNL006": "ND.CHXDND06",
    "KDNL011": "ND.CHXDND11",
    "KDNL015": "ND.CHXD17",
    "KDNL017": "NĐ.CHXDND09",
    "KDNL018": "NĐ.CHXDND07",
    "KDNL051": "ND.CHXD18",
    "KDNL053": "ND.CHXD20",
    "KDNL063": "ND.CHXD19",
    "KDNL065": "ND.CHXD29",
    "KDNL066": "ND.CHXD34",
    "KDNL107": "ND.CHXDND10",
    "KDNL109": "ND.CHXD30",
    "KDNL119": "ND.CHXD12",
    "KDNL154": "ND.CHXD21",
    "KDNL155": "ND.CHXD22",
    "KDNL156": "ND.CHXD23",
    "KDNL157": "ND.CHXD24",
    "KDNL158": "ND.CHXD25",
    "KDNL159": "ND.CHXD26",
    "KDNL160": "ND.CHXD27",
    "KDNL162": "ND.CHXD28",
    "KDNL167": "ND.CHXD35",
    "KDNL168": "ND.CHXD36",
    "KDNL170": "ND.CHXD37",
    "KDNL171": "ND.CHXD38",
    "KDNL172": "ND.CHXDND39",
    "KDNL173": "ND.CHXDND40",
    "KDNL174": "ND.CHXDND41",
    "KDNL176": "ND.CHXD43",
    "KHO4": "NĐ.CHXDND33",
    "KDNL005": "ND.CHXD05",
    "KDNL175": "ND.CHXDND42"
  },
  "STORE_MAPPING_CASH_SSE_TO_POS": {
    "KDNL001": "ND.CHXDND01",
    "KDNL002": "ND.CHXDND02",
    "KDNL003": "ND.CHXDND03",
    "KDNL004": "ND.CHXDND04",
    "KDNL005": "ND.CHXD05",
    "KDNL006": "ND.CHXDND06",
    "KDNL007": "ND.CHXDND10",
    "KDNL009": "ND.CHXD30",
    "KDNL011": "ND.CHXDND11",
    "KDNL015": "ND.CHXD17",
    "KDNL017": "NĐ.CHXDND09",
    "KDNL018": "NĐ.CHXDND07",
    "KDNL019": "ND.CHXD12",
    "KDNL051": "ND.CHXD18",
    "KDNL053": "ND.CHXD20",
    "KDNL054": "ND.CHXD21",
    "KDNL055": "ND.CHXD22",
    "KDNL056": "ND.CHXD23",
    "KDNL057": "ND.CHXD24",
    "KDNL058": "ND.CHXD25",
    "KDNL059": "ND.CHXD26",
    "KDNL060": "ND.CHXD27",
    "KDNL062": "ND.CHXD28",
    "KDNL063": "ND.CHXD19",
    "KDNL065": "ND.CHXD29",
    "KDNL066": "ND.CHXD34",
    "KDNL067": "ND.CHXD35",
    "KDNL068": "ND.CHXD36",
    "KDNL070": "ND.CHXD37",
    "KDNL071": "ND.CHXD38",
    "KDNL072": "ND.CHXDND39",
    "KDNL073": "ND.CHXDND40",
    "KDNL074": "ND.CHXDND41",
    "KDNL075": "ND.CHXDND42",
    "KDNL076": "ND.CHXD43",
    "TN0000": "NĐ.CHXDND33"
  },
  "TARGET_PRODUCTS_BH03": [
    "Xăng E5 RON92 Mức 2",
    "Xăng RON95 Mức 3",
    "Dầu Điêzen 0,05S Mức 2",
    "Dầu Điêzen 0,001S Mức 5",
    "Dầu mỡ nhờn"
  ]
}
